area,bedrooms,bathrooms,age,price
1200,3,2,15,250000
1800,4,2,10,320000
1500,3,2,12,280000
2200,4,3,5,450000
850,1,1,20,150000
1100,2,1,15,200000
2500,5,3,8,500000
1700,3,2,3,380000
1600,3,2,7,310000
2000,4,2,25,290000
900,2,1,30,175000
1400,3,2,18,230000
3000,5,4,2,600000
1300,3,1,12,240000
1850,4,3,9,360000
1000,2,1,25,180000
2100,4,3,6,420000
1550,3,2,15,300000
2300,4,3,4,480000
1150,2,1,20,210000 